ChEMBL ID,Name,SMILES,Molecular Weight,LogP,HBA,HBD,TPSA,Protein,mol,MolWt_rdkit,drug_like,cluster,activity,predicted_activity,fingerprint,similarity_to_ref
CHEMBL1112,ARIPIPRAZOLE,O=C1CCc2ccc(OCCCCN3CCN(c4cccc(Cl)c4Cl)CC3)cc2N1,448.39,4.86,4.0,1.0,44.81,DRD2,<rdkit.Chem.rdchem.Mol object at 0x000001D283A5C2E0>,448.39400000000006,1,0,4.86,4.8430000000000035,<rdkit.DataStructs.cDataStructs.ExplicitBitVect object at 0x000001D288F41930>,1.0
CHEMBL1713,CHLORPROMAZINE HYDROCHLORIDE,CN(C)CCCN1c2ccccc2Sc2ccc(Cl)cc21.Cl,355.33,4.89,3.0,0.0,6.48,DRD2,<rdkit.Chem.rdchem.Mol object at 0x000001D283A5D2A0>,355.3340000000001,1,0,4.89,4.842799999999994,<rdkit.DataStructs.cDataStructs.ExplicitBitVect object at 0x000001D288F41850>,0.1625
CHEMBL8514,BUTACLAMOL,CC(C)(C)[C@]1(O)CCN2C[C@H]3c4ccccc4CCc4cccc(c43)[C@@H]2C1,361.53,4.84,2.0,1.0,23.47,DRD2,<rdkit.Chem.rdchem.Mol object at 0x000001D283A5C6D0>,361.52900000000017,1,0,4.84,4.839299999999997,<rdkit.DataStructs.cDataStructs.ExplicitBitVect object at 0x000001D288F41770>,0.13793103448275862
CHEMBL71,CHLORPROMAZINE,CN(C)CCCN1c2ccccc2Sc2ccc(Cl)cc21,318.87,4.89,3.0,0.0,6.48,DRD2,<rdkit.Chem.rdchem.Mol object at 0x000001D283EFB530>,318.8730000000001,1,1,4.89,4.835199999999994,<rdkit.DataStructs.cDataStructs.ExplicitBitVect object at 0x000001D288F417E0>,0.16455696202531644
CHEMBL411,DIETHYLSTILBESTROL,CC/C(=C(/CC)c1ccc(O)cc1)c1ccc(O)cc1,268.36,4.83,2.0,2.0,40.46,DRD2,<rdkit.Chem.rdchem.Mol object at 0x000001D283EFB450>,268.356,1,1,4.83,4.819899999999997,<rdkit.DataStructs.cDataStructs.ExplicitBitVect object at 0x000001D288F41620>,0.058823529411764705
CHEMBL14376,ILOPERIDONE,COc1cc(C(C)=O)ccc1OCCCN1CCC(c2noc3cc(F)ccc23)CC1,426.49,4.83,6.0,0.0,64.8,DRD2,<rdkit.Chem.rdchem.Mol object at 0x000001D283EFA260>,426.4880000000001,1,0,4.83,4.814899999999997,<rdkit.DataStructs.cDataStructs.ExplicitBitVect object at 0x000001D288F41690>,0.17346938775510204
CHEMBL516,CYPROHEPTADINE,CN1CCC(=C2c3ccccc3C=Cc3ccccc32)CC1,287.41,4.7,1.0,0.0,3.24,DRD2,<rdkit.Chem.rdchem.Mol object at 0x000001D283EFB610>,287.4060000000001,1,1,4.7,4.678899999999994,<rdkit.DataStructs.cDataStructs.ExplicitBitVect object at 0x000001D288F415B0>,0.14084507042253522
CHEMBL728,PROCHLORPERAZINE,CN1CCN(CCCN2c3ccccc3Sc3ccc(Cl)cc32)CC1,373.95,4.58,4.0,0.0,9.72,DRD2,<rdkit.Chem.rdchem.Mol object at 0x000001D283EFBA00>,373.95300000000015,1,0,4.58,4.543499999999996,<rdkit.DataStructs.cDataStructs.ExplicitBitVect object at 0x000001D288DDFD80>,0.26666666666666666
CHEMBL415,CLOMIPRAMINE,CN(C)CCCN1c2ccccc2CCc2ccc(Cl)cc21,314.86,4.53,2.0,0.0,6.48,DRD2,<rdkit.Chem.rdchem.Mol object at 0x000001D283EFB5A0>,314.86,1,1,4.53,4.528299999999995,<rdkit.DataStructs.cDataStructs.ExplicitBitVect object at 0x000001D288DDFD10>,0.24324324324324326
CHEMBL1909072,PIPAMAZINE,NC(=O)C1CCN(CCCN2c3ccccc3Sc3ccc(Cl)cc32)CC1,401.96,4.53,4.0,1.0,49.57,DRD2,<rdkit.Chem.rdchem.Mol object at 0x000001D283EFB8B0>,401.96300000000025,1,0,4.53,4.525499999999997,<rdkit.DataStructs.cDataStructs.ExplicitBitVect object at 0x000001D288DDD3F0>,0.24096385542168675
CHEMBL64894,GENTIAN VIOLET,CN(C)c1ccc(C(=C2C=CC(=[N+](C)C)C=C2)c2ccc(N(C)C)cc2)cc1.[Cl-],407.99,4.46,2.0,0.0,9.49,DRD2,<rdkit.Chem.rdchem.Mol object at 0x000001D283EFAE30>,407.98900000000003,1,0,4.46,4.456999999999995,<rdkit.DataStructs.cDataStructs.ExplicitBitVect object at 0x000001D288DDC6D0>,0.0379746835443038
CHEMBL54,HALOPERIDOL,O=C(CCCN1CCC(O)(c2ccc(Cl)cc2)CC1)c1ccc(F)cc1,375.87,4.43,3.0,1.0,40.54,DRD2,<rdkit.Chem.rdchem.Mol object at 0x000001D283EF9F50>,375.87100000000015,1,0,4.43,4.431400000000002,<rdkit.DataStructs.cDataStructs.ExplicitBitVect object at 0x000001D288DDD850>,0.19753086419753085
CHEMBL220808,SARIZOTAN,Fc1ccc(-c2cncc(CNC[C@H]3CCc4ccccc4O3)c2)cc1,348.42,4.37,3.0,1.0,34.15,DRD2,<rdkit.Chem.rdchem.Mol object at 0x000001D283EFA730>,348.42100000000005,1,0,4.37,4.348300000000002,<rdkit.DataStructs.cDataStructs.ExplicitBitVect object at 0x000001D288DDC200>,0.10752688172043011
CHEMBL2028019,CARIPRAZINE,CN(C)C(=O)N[C@H]1CC[C@H](CCN2CCN(c3cccc(Cl)c3Cl)CC2)CC1,427.42,4.34,3.0,1.0,38.82,DRD2,<rdkit.Chem.rdchem.Mol object at 0x000001D283A5C580>,427.4200000000002,1,0,4.34,4.336899999999996,<rdkit.DataStructs.cDataStructs.ExplicitBitVect object at 0x000001D288DDC2E0>,0.35064935064935066
CHEMBL1082723,CIPARGAMIN,C[C@H]1Cc2c([nH]c3cc(Cl)c(F)cc23)[C@@]2(N1)C(=O)Nc1ccc(Cl)cc12,390.24,4.34,2.0,3.0,56.92,DRD2,<rdkit.Chem.rdchem.Mol object at 0x000001D283EFA880>,390.24500000000006,1,0,4.34,4.326299999999997,<rdkit.DataStructs.cDataStructs.ExplicitBitVect object at 0x000001D288F76490>,0.17777777777777778
CHEMBL3353410,OSIMERTINIB,C=CC(=O)Nc1cc(Nc2nccc(-c3cn(C)c4ccccc34)n2)c(OC)cc1N(C)CCN(C)C,499.62,4.51,8.0,2.0,87.55,EGFR,<rdkit.Chem.rdchem.Mol object at 0x000001D283EF9BD0>,499.6190000000003,1,0,4.51,4.317299999999998,<rdkit.DataStructs.cDataStructs.ExplicitBitVect object at 0x000001D288F76500>,0.09734513274336283
CHEMBL5095172,BRILAROXAZINE,O=C1COc2ccc(OCCCCN3CCN(c4cccc(Cl)c4Cl)CC3)cc2N1,450.37,4.31,5.0,1.0,54.04,DRD2,<rdkit.Chem.rdchem.Mol object at 0x000001D283A5D3F0>,450.36600000000004,1,0,4.31,4.3157,<rdkit.DataStructs.cDataStructs.ExplicitBitVect object at 0x000001D288F76570>,0.71875
CHEMBL726,FLUPHENAZINE,OCCN1CCN(CCCN2c3ccccc3Sc3ccc(C(F)(F)F)cc32)CC1,437.53,4.31,5.0,1.0,29.95,DRD2,<rdkit.Chem.rdchem.Mol object at 0x000001D283EFB060>,437.5310000000002,1,0,4.31,4.3104000000000005,<rdkit.DataStructs.cDataStructs.ExplicitBitVect object at 0x000001D288F765E0>,0.2222222222222222
CHEMBL388978,STAUROSPORINE,CN[C@@H]1C[C@H]2O[C@@](C)([C@@H]1OC)n1c3ccccc3c3c4c(c5c6ccccc6n2c5c31)C(=O)NC4,466.54,4.35,6.0,2.0,69.45,EGFR,<rdkit.Chem.rdchem.Mol object at 0x000001D283EF9540>,466.5410000000003,1,0,4.35,4.3060000000000045,<rdkit.DataStructs.cDataStructs.ExplicitBitVect object at 0x000001D288F76650>,0.10476190476190476
CHEMBL3623290,AZD-3759,COc1cc2ncnc(Nc3cccc(Cl)c3F)c2cc1OC(=O)N1CCN(C)C[C@H]1C,459.91,4.31,7.0,1.0,79.82,DRD2,<rdkit.Chem.rdchem.Mol object at 0x000001D283A5C5F0>,459.90900000000033,1,0,4.31,4.301400000000001,<rdkit.DataStructs.cDataStructs.ExplicitBitVect object at 0x000001D288F766C0>,0.1650485436893204
CHEMBL939,GEFITINIB,COc1cc2ncnc(Nc3ccc(F)c(Cl)c3)c2cc1OCCCN1CCOCC1,446.91,4.28,7.0,1.0,68.74,EGFR,<rdkit.Chem.rdchem.Mol object at 0x000001D283EF9D20>,446.9100000000004,1,0,4.28,4.2795000000000005,<rdkit.DataStructs.cDataStructs.ExplicitBitVect object at 0x000001D288F76730>,0.2
CHEMBL531,PERGOLIDE,CCCN1C[C@H](CSC)C[C@@H]2c3cccc4[nH]cc(c34)C[C@H]21,314.5,4.27,2.0,1.0,19.03,DRD2,<rdkit.Chem.rdchem.Mol object at 0x000001D283EFB840>,314.4980000000001,1,1,4.27,4.263499999999997,<rdkit.DataStructs.cDataStructs.ExplicitBitVect object at 0x000001D288F767A0>,0.13186813186813187
CHEMBL564,PROMAZINE,CN(C)CCCN1c2ccccc2Sc2ccccc21,284.43,4.24,3.0,0.0,6.48,DRD2,<rdkit.Chem.rdchem.Mol object at 0x000001D283EFB760>,284.42800000000005,1,1,4.24,4.2397000000000045,<rdkit.DataStructs.cDataStructs.ExplicitBitVect object at 0x000001D288F76810>,0.136986301369863
CHEMBL643,PROMETHAZINE,CC(CN1c2ccccc2Sc2ccccc21)N(C)C,284.43,4.24,3.0,0.0,6.48,DRD2,<rdkit.Chem.rdchem.Mol object at 0x000001D283EFB7D0>,284.428,1,1,4.24,4.2397000000000045,<rdkit.DataStructs.cDataStructs.ExplicitBitVect object at 0x000001D288F76880>,0.10666666666666667
CHEMBL21731,MAPROTILINE,CNCCCC12CCC(c3ccccc31)c1ccccc12,277.41,4.21,1.0,1.0,12.03,DRD2,<rdkit.Chem.rdchem.Mol object at 0x000001D283EFBAE0>,277.41100000000006,1,1,4.21,4.215700000000002,<rdkit.DataStructs.cDataStructs.ExplicitBitVect object at 0x000001D288F768F0>,0.11392405063291139
CHEMBL936,DIPHENIDOL,OC(CCCN1CCCCC1)(c1ccccc1)c1ccccc1,309.45,4.19,2.0,1.0,23.47,DRD2,<rdkit.Chem.rdchem.Mol object at 0x000001D283EFB220>,309.45300000000003,1,1,4.19,4.2040999999999995,<rdkit.DataStructs.cDataStructs.ExplicitBitVect object at 0x000001D288F76960>,0.18309859154929578
CHEMBL629,AMITRIPTYLINE,CN(C)CCC=C1c2ccccc2CCc2ccccc21,277.41,4.17,1.0,0.0,3.24,DRD2,<rdkit.Chem.rdchem.Mol object at 0x000001D283EFADC0>,277.411,1,1,4.17,4.182600000000004,<rdkit.DataStructs.cDataStructs.ExplicitBitVect object at 0x000001D288F769D0>,0.12162162162162163
CHEMBL218166,BIFEPRUNOX,O=c1[nH]c2cccc(N3CCN(Cc4cccc(-c5ccccc5)c4)CC3)c2o1,385.47,4.11,4.0,1.0,52.48,DRD2,<rdkit.Chem.rdchem.Mol object at 0x000001D283A5C270>,385.4670000000001,1,0,4.11,4.098100000000006,<rdkit.DataStructs.cDataStructs.ExplicitBitVect object at 0x000001D288F76A40>,0.25316455696202533
CHEMBL486189,ATRACTYLON,C=C1CCC[C@]2(C)Cc3occ(C)c3C[C@@H]12,216.32,4.05,1.0,0.0,13.14,DRD2,<rdkit.Chem.rdchem.Mol object at 0x000001D283A5D070>,216.32399999999998,1,1,4.05,4.067000000000003,<rdkit.DataStructs.cDataStructs.ExplicitBitVect object at 0x000001D288F76AB0>,0.07142857142857142
CHEMBL19215,METERGOLINE,CN1C[C@H](CNC(=O)OCc2ccccc2)C[C@@H]2c3cccc4c3c(cn4C)C[C@H]21,403.53,4.06,4.0,1.0,46.5,DRD2,<rdkit.Chem.rdchem.Mol object at 0x000001D283EFBC30>,403.5260000000002,1,0,4.06,4.054400000000002,<rdkit.DataStructs.cDataStructs.ExplicitBitVect object at 0x000001D288F76B20>,0.13131313131313133
CHEMBL7917,TYRPHOSTIN AG-1478,COc1cc2ncnc(Nc3cccc(Cl)c3)c2cc1OC,315.76,4.04,5.0,1.0,56.27,EGFR,<rdkit.Chem.rdchem.Mol object at 0x000001D283EF9380>,315.7600000000001,1,1,4.04,4.049400000000006,<rdkit.DataStructs.cDataStructs.ExplicitBitVect object at 0x000001D288F76B90>,0.12048192771084337
CHEMBL545315,CANERTINIB DIHYDROCHLORIDE,C=CC(=O)Nc1cc2c(Nc3ccc(F)c(Cl)c3)ncnc2cc1OCCCN1CCOCC1.Cl.Cl,558.87,4.39,7.0,2.0,88.61,EGFR,<rdkit.Chem.rdchem.Mol object at 0x000001D283EF9E00>,558.8690000000005,0,2,0.0,3.9664000000000033,<rdkit.DataStructs.cDataStructs.ExplicitBitVect object at 0x000001D288F76C00>,0.19230769230769232
CHEMBL1346,DARIFENACIN,NC(=O)C(c1ccccc1)(c1ccccc1)[C@@H]1CCN(CCc2ccc3c(c2)CCO3)C1,426.56,3.96,3.0,1.0,55.56,DRD2,<rdkit.Chem.rdchem.Mol object at 0x000001D283EFA9D0>,426.5600000000003,1,0,3.96,3.9459999999999975,<rdkit.DataStructs.cDataStructs.ExplicitBitVect object at 0x000001D288F76C70>,0.16483516483516483
CHEMBL567,PERPHENAZINE,OCCN1CCN(CCCN2c3ccccc3Sc3ccc(Cl)cc32)CC1,403.98,3.94,5.0,1.0,29.95,DRD2,<rdkit.Chem.rdchem.Mol object at 0x000001D283A5C3C0>,403.9790000000002,1,0,3.94,3.935499999999998,<rdkit.DataStructs.cDataStructs.ExplicitBitVect object at 0x000001D288F76CE0>,0.24675324675324675
CHEMBL3306803,LUMATEPERONE,CN1CCN2c3c(cccc31)[C@@H]1CN(CCCC(=O)c3ccc(F)cc3)CC[C@@H]12,393.51,3.92,4.0,0.0,26.79,DRD2,<rdkit.Chem.rdchem.Mol object at 0x000001D283A5CB30>,393.5060000000001,1,0,3.92,3.9264000000000006,<rdkit.DataStructs.cDataStructs.ExplicitBitVect object at 0x000001D288F76D50>,0.18681318681318682
CHEMBL11,IMIPRAMINE,CN(C)CCCN1c2ccccc2CCc2ccccc21,280.42,3.88,2.0,0.0,6.48,DRD2,<rdkit.Chem.rdchem.Mol object at 0x000001D283A5C430>,280.415,1,1,3.88,3.9029999999999982,<rdkit.DataStructs.cDataStructs.ExplicitBitVect object at 0x000001D288F76DC0>,0.2028985507246377
CHEMBL708,ZIPRASIDONE,O=C1Cc2cc(CCN3CCN(c4nsc5ccccc45)CC3)c(Cl)cc2N1,412.95,3.81,5.0,1.0,48.47,DRD2,<rdkit.Chem.rdchem.Mol object at 0x000001D283EFA5E0>,412.9460000000002,1,0,3.81,3.7993999999999994,<rdkit.DataStructs.cDataStructs.ExplicitBitVect object at 0x000001D288F76E30>,0.32926829268292684
CHEMBL831,LOXAPINE,CN1CCN(C2=Nc3ccccc3Oc3ccc(Cl)cc32)CC1,327.81,3.77,4.0,0.0,28.07,DRD2,<rdkit.Chem.rdchem.Mol object at 0x000001D283EFA030>,327.8150000000001,1,1,3.77,3.774199999999998,<rdkit.DataStructs.cDataStructs.ExplicitBitVect object at 0x000001D288F76EA0>,0.175
CHEMBL305187,IFENPRODIL,CC(C(O)c1ccc(O)cc1)N1CCC(Cc2ccccc2)CC1,325.45,3.77,3.0,2.0,43.7,DRD2,<rdkit.Chem.rdchem.Mol object at 0x000001D283EFA570>,325.45200000000006,1,1,3.77,3.7655999999999987,<rdkit.DataStructs.cDataStructs.ExplicitBitVect object at 0x000001D288F76F10>,0.09411764705882353
CHEMBL415300,ISOCLOZAPINE,CN1CCN(C2=Nc3ccccc3Nc3ccc(Cl)cc32)CC1,326.83,3.72,4.0,1.0,30.87,DRD2,<rdkit.Chem.rdchem.Mol object at 0x000001D283EFA0A0>,326.83100000000013,1,1,3.72,3.718200000000005,<rdkit.DataStructs.cDataStructs.ExplicitBitVect object at 0x000001D288F76F80>,0.23376623376623376
CHEMBL42,CLOZAPINE,CN1CCN(C2=Nc3cc(Cl)ccc3Nc3ccccc32)CC1,326.83,3.72,4.0,1.0,30.87,DRD2,<rdkit.Chem.rdchem.Mol object at 0x000001D283EF9EE0>,326.83100000000013,1,1,3.72,3.718200000000005,<rdkit.DataStructs.cDataStructs.ExplicitBitVect object at 0x000001D288F76FF0>,0.23376623376623376
CHEMBL723,CARVEDILOL,COc1ccccc1OCCNCC(O)COc1cccc2[nH]c3ccccc3c12,406.48,3.74,5.0,3.0,75.74,DRD2,<rdkit.Chem.rdchem.Mol object at 0x000001D283EFB6F0>,406.482,1,0,3.74,3.7013999999999982,<rdkit.DataStructs.cDataStructs.ExplicitBitVect object at 0x000001D288F77060>,0.10869565217391304
CHEMBL1108,DROPERIDOL,O=C(CCCN1CC=C(n2c(=O)[nH]c3ccccc32)CC1)c1ccc(F)cc1,379.44,3.68,4.0,1.0,58.1,DRD2,<rdkit.Chem.rdchem.Mol object at 0x000001D283EFB140>,379.4350000000002,1,0,3.68,3.681399999999999,<rdkit.DataStructs.cDataStructs.ExplicitBitVect object at 0x000001D288F770D0>,0.17582417582417584
CHEMBL62,SCH-23390,CN1CCc2cc(Cl)c(O)cc2[C@@H](c2ccccc2)C1,287.79,3.67,2.0,1.0,23.47,DRD2,<rdkit.Chem.rdchem.Mol object at 0x000001D283A5C970>,287.79,1,1,3.67,3.661800000000001,<rdkit.DataStructs.cDataStructs.ExplicitBitVect object at 0x000001D288F77140>,0.17721518987341772
CHEMBL1232461,MOLIBRESIB,CCNC(=O)C[C@@H]1N=C(c2ccc(Cl)cc2)c2cc(OC)ccc2-n2c(C)nnc21,423.9,3.66,6.0,1.0,81.4,DRD2,<rdkit.Chem.rdchem.Mol object at 0x000001D283A5D310>,423.90400000000017,1,0,3.66,3.639099999999997,<rdkit.DataStructs.cDataStructs.ExplicitBitVect object at 0x000001D288F771B0>,0.13
CHEMBL225230,R-N-PROPYLNORAPOMORPHINE,CCCN1CCc2cccc3c2[C@H]1Cc1ccc(O)c(O)c1-3,295.38,3.63,3.0,2.0,43.7,DRD2,<rdkit.Chem.rdchem.Mol object at 0x000001D283EFA2D0>,295.382,1,1,3.63,3.6353999999999984,<rdkit.DataStructs.cDataStructs.ExplicitBitVect object at 0x000001D288F77220>,0.16666666666666666
CHEMBL964,DISULFIRAM,CCN(CC)C(=S)SSC(=S)N(CC)CC,296.55,3.62,4.0,0.0,6.48,DRD2,<rdkit.Chem.rdchem.Mol object at 0x000001D283EFB300>,296.5520000000001,1,1,3.62,3.6206999999999994,<rdkit.DataStructs.cDataStructs.ExplicitBitVect object at 0x000001D288F77290>,0.029411764705882353
CHEMBL518924,MAVORIXAFOR,NCCCCN(Cc1nc2ccccc2[nH]1)[C@H]1CCCc2cccnc21,349.48,3.58,4.0,2.0,70.83,DRD2,<rdkit.Chem.rdchem.Mol object at 0x000001D283A5CBA0>,349.4820000000002,1,0,3.58,3.592199999999998,<rdkit.DataStructs.cDataStructs.ExplicitBitVect object at 0x000001D288F77300>,0.125
CHEMBL85,RISPERIDONE,Cc1nc2n(c(=O)c1CCN1CCC(c3noc4cc(F)ccc34)CC1)CCCC2,410.49,3.59,6.0,0.0,64.16,DRD2,<rdkit.Chem.rdchem.Mol object at 0x000001D283A5C040>,410.4930000000003,1,0,3.59,3.5823999999999967,<rdkit.DataStructs.cDataStructs.ExplicitBitVect object at 0x000001D288F77370>,0.13861386138613863
CHEMBL485258,LAVENDUSTIN B,O=C(O)c1cc(N(Cc2ccccc2O)Cc2ccccc2O)ccc1O,365.39,3.71,5.0,4.0,101.23,EGFR,<rdkit.Chem.rdchem.Mol object at 0x000001D283EF9930>,365.3850000000001,1,0,3.71,3.554599999999999,<rdkit.DataStructs.cDataStructs.ExplicitBitVect object at 0x000001D288F773E0>,0.0875
CHEMBL464529,NUCIFERINE,COc1cc2c3c(c1OC)-c1ccccc1C[C@H]3N(C)CC2,295.38,3.46,3.0,0.0,21.7,DRD2,<rdkit.Chem.rdchem.Mol object at 0x000001D283A5D1C0>,295.3820000000001,1,1,3.46,3.456799999999997,<rdkit.DataStructs.cDataStructs.ExplicitBitVect object at 0x000001D288F77450>,0.1728395061728395
CHEMBL2414990,(+/-)-NUCIFERINE,COc1cc2c3c(c1OC)-c1ccccc1CC3N(C)CC2,295.38,3.46,3.0,0.0,21.7,DRD2,<rdkit.Chem.rdchem.Mol object at 0x000001D283A5CDD0>,295.3820000000001,1,1,3.46,3.456799999999997,<rdkit.DataStructs.cDataStructs.ExplicitBitVect object at 0x000001D288F774C0>,0.1728395061728395
CHEMBL228082,GLAUCINE,COc1cc2c(cc1OC)-c1c(OC)c(OC)cc3c1[C@H](C2)N(C)CC3,355.43,3.47,5.0,0.0,40.16,DRD2,<rdkit.Chem.rdchem.Mol object at 0x000001D283A5D150>,355.43400000000014,1,0,3.47,3.4566000000000034,<rdkit.DataStructs.cDataStructs.ExplicitBitVect object at 0x000001D288F77530>,0.15
CHEMBL715,OLANZAPINE,Cc1cc2c(s1)Nc1ccccc1N=C2N1CCN(C)CC1,312.44,3.44,5.0,1.0,30.87,DRD2,<rdkit.Chem.rdchem.Mol object at 0x000001D283EFB920>,312.4420000000001,1,1,3.44,3.4378,<rdkit.DataStructs.cDataStructs.ExplicitBitVect object at 0x000001D288F775A0>,0.18518518518518517
CHEMBL1113,AMOXAPINE,Clc1ccc2c(c1)C(N1CCNCC1)=Nc1ccccc1O2,313.79,3.43,4.0,1.0,36.86,DRD2,<rdkit.Chem.rdchem.Mol object at 0x000001D283EFAC70>,313.788,1,1,3.43,3.4304000000000037,<rdkit.DataStructs.cDataStructs.ExplicitBitVect object at 0x000001D288F77610>,0.14634146341463414
CHEMBL553,ERLOTINIB,C#Cc1cccc(Nc2ncnc3cc(OCCOC)c(OCCOC)cc23)c1,393.44,3.41,7.0,1.0,74.73,EGFR,<rdkit.Chem.rdchem.Mol object at 0x000001D283EF9D90>,393.4430000000002,1,0,3.41,3.3905000000000016,<rdkit.DataStructs.cDataStructs.ExplicitBitVect object at 0x000001D288F77680>,0.1348314606741573
CHEMBL487182,TETRAHYDROPALMATINE,COc1cc2c(cc1OC)[C@@H]1Cc3ccc(OC)c(OC)c3CN1CC2,355.43,3.38,5.0,0.0,40.16,DRD2,<rdkit.Chem.rdchem.Mol object at 0x000001D283A5C9E0>,355.4340000000002,1,0,3.38,3.390099999999998,<rdkit.DataStructs.cDataStructs.ExplicitBitVect object at 0x000001D288F776F0>,0.14634146341463414
CHEMBL56,8-OH-DPAT,CCCN(CCC)C1CCc2cccc(O)c2C1,247.38,3.37,2.0,1.0,23.47,DRD2,<rdkit.Chem.rdchem.Mol object at 0x000001D283EF9E70>,247.38199999999998,1,1,3.37,3.382200000000002,<rdkit.DataStructs.cDataStructs.ExplicitBitVect object at 0x000001D288F77760>,0.12658227848101267
CHEMBL219916,DOMPERIDONE,O=c1[nH]c2ccccc2n1CCCN1CCC(n2c(=O)[nH]c3cc(Cl)ccc32)CC1,425.92,3.35,5.0,2.0,78.82,DRD2,<rdkit.Chem.rdchem.Mol object at 0x000001D283EFB680>,425.92000000000013,1,0,3.35,3.371100000000001,<rdkit.DataStructs.cDataStructs.ExplicitBitVect object at 0x000001D288F777D0>,0.2235294117647059
CHEMBL1729,CISAPRIDE,COc1cc(N)c(Cl)cc1C(=O)NC1CCN(CCCOc2ccc(F)cc2)CC1OC,465.95,3.36,6.0,2.0,86.05,DRD2,<rdkit.Chem.rdchem.Mol object at 0x000001D283EFA650>,465.9530000000003,1,0,3.36,3.299800000000001,<rdkit.DataStructs.cDataStructs.ExplicitBitVect object at 0x000001D288F77840>,0.22916666666666666
CHEMBL103552,LAVENDUSTIN A,O=C(O)c1cc(N(Cc2ccccc2O)Cc2cc(O)ccc2O)ccc1O,381.38,3.41,6.0,5.0,121.46,EGFR,<rdkit.Chem.rdchem.Mol object at 0x000001D283EF9700>,381.38400000000007,1,0,3.41,3.258100000000003,<rdkit.DataStructs.cDataStructs.ExplicitBitVect object at 0x000001D288F778B0>,0.08333333333333333
CHEMBL267930,SPIPERONE,O=C(CCCN1CCC2(CC1)C(=O)NCN2c1ccccc1)c1ccc(F)cc1,395.48,3.22,4.0,1.0,52.65,DRD2,<rdkit.Chem.rdchem.Mol object at 0x000001D283EFA3B0>,395.47800000000007,1,0,3.22,3.211600000000004,<rdkit.DataStructs.cDataStructs.ExplicitBitVect object at 0x000001D288F77920>,0.19540229885057472
CHEMBL601020,STEPHANINE,COc1cccc2c1C[C@@H]1c3c(cc4c(c3-2)OCO4)CCN1C,309.37,3.18,4.0,0.0,30.93,DRD2,<rdkit.Chem.rdchem.Mol object at 0x000001D283A5CEB0>,309.36500000000007,1,1,3.18,3.2080000000000037,<rdkit.DataStructs.cDataStructs.ExplicitBitVect object at 0x000001D288F77990>,0.17045454545454544
CHEMBL245621,HALOPEMIDE,O=C(NCCN1CCC(n2c(=O)[nH]c3cc(Cl)ccc32)CC1)c1ccc(F)cc1,416.88,3.19,4.0,2.0,70.13,DRD2,<rdkit.Chem.rdchem.Mol object at 0x000001D283A5C350>,416.8840000000002,1,0,3.19,3.1912000000000003,<rdkit.DataStructs.cDataStructs.ExplicitBitVect object at 0x000001D288F77A00>,0.18478260869565216
CHEMBL12089,BERBERINE CHLORIDE,COc1ccc2cc3[n+](cc2c1OC)CCc1cc2c(cc1-3)OCO2.[Cl-],371.82,3.1,4.0,0.0,40.8,DRD2,<rdkit.Chem.rdchem.Mol object at 0x000001D283A5D230>,371.82000000000005,1,0,3.1,3.1776000000000035,<rdkit.DataStructs.cDataStructs.ExplicitBitVect object at 0x000001D288F77A70>,0.08602150537634409
CHEMBL6437,MIANSERIN,CN1CCN2c3ccccc3Cc3ccccc3C2C1,264.37,3.08,2.0,0.0,6.48,DRD2,<rdkit.Chem.rdchem.Mol object at 0x000001D283EFA110>,264.372,1,1,3.08,3.0141000000000018,<rdkit.DataStructs.cDataStructs.ExplicitBitVect object at 0x000001D288F77AE0>,0.14473684210526316
CHEMBL392158,FALLYPRIDE,C=CCN1CCC[C@H]1CNC(=O)c1cc(CCCF)cc(OC)c1OC,364.46,2.99,4.0,1.0,50.8,DRD2,<rdkit.Chem.rdchem.Mol object at 0x000001D283EFA7A0>,364.4610000000001,1,0,2.99,2.971000000000002,<rdkit.DataStructs.cDataStructs.ExplicitBitVect object at 0x000001D288F77B50>,0.09803921568627451
CHEMBL452776,CELTISINE,COc1cc2c(cc1O)Oc1c(O)ccc3c1[C@H](C2)N(C)CC3,313.35,2.98,5.0,2.0,62.16,DRD2,<rdkit.Chem.rdchem.Mol object at 0x000001D283A5D000>,313.3530000000001,1,1,2.98,2.967199999999998,<rdkit.DataStructs.cDataStructs.ExplicitBitVect object at 0x000001D288F77BC0>,0.16279069767441862
CHEMBL1621,PALIPERIDONE,Cc1nc2n(c(=O)c1CCN1CCC(c3noc4cc(F)ccc34)CC1)CCCC2O,426.49,3.08,7.0,1.0,84.39,DRD2,<rdkit.Chem.rdchem.Mol object at 0x000001D283A5C900>,426.49200000000025,1,0,3.08,2.9242000000000012,<rdkit.DataStructs.cDataStructs.ExplicitBitVect object at 0x000001D288F77C30>,0.125
CHEMBL8809,RACLOPRIDE,CCN1CCC[C@H]1CNC(=O)c1c(O)c(Cl)cc(Cl)c1OC,347.24,2.92,4.0,2.0,61.8,DRD2,<rdkit.Chem.rdchem.Mol object at 0x000001D283A5CA50>,347.2420000000001,1,0,2.92,2.887899999999996,<rdkit.DataStructs.cDataStructs.ExplicitBitVect object at 0x000001D288F77CA0>,0.13333333333333333
CHEMBL235212,(S)-RETICULINE,COc1ccc(C[C@H]2c3cc(O)c(OC)cc3CCN2C)cc1O,329.4,2.89,5.0,2.0,62.16,DRD2,<rdkit.Chem.rdchem.Mol object at 0x000001D283A5CF90>,329.3960000000001,1,1,2.89,2.8834999999999944,<rdkit.DataStructs.cDataStructs.ExplicitBitVect object at 0x000001D288F77D10>,0.14285714285714285
CHEMBL388342,BOLDINE,COc1cc2c(cc1O)C[C@H]1c3c(cc(O)c(OC)c3-2)CCN1C,327.38,2.87,5.0,2.0,62.16,DRD2,<rdkit.Chem.rdchem.Mol object at 0x000001D283A5D0E0>,327.3800000000001,1,1,2.87,2.8641000000000023,<rdkit.DataStructs.cDataStructs.ExplicitBitVect object at 0x000001D288F77D80>,0.14285714285714285
CHEMBL716,QUETIAPINE,OCCOCCN1CCN(C2=Nc3ccccc3Sc3ccccc32)CC1,383.52,2.86,6.0,1.0,48.3,DRD2,<rdkit.Chem.rdchem.Mol object at 0x000001D283EFB990>,383.51700000000017,1,0,2.86,2.8622000000000054,<rdkit.DataStructs.cDataStructs.ExplicitBitVect object at 0x000001D288F77DF0>,0.2073170731707317
CHEMBL53,APOMORPHINE,CN1CCc2cccc3c2[C@H]1Cc1ccc(O)c(O)c1-3,267.33,2.85,3.0,2.0,43.7,DRD2,<rdkit.Chem.rdchem.Mol object at 0x000001D283A5C510>,267.328,1,1,2.85,2.8505000000000007,<rdkit.DataStructs.cDataStructs.ExplicitBitVect object at 0x000001D288F77E60>,0.17721518987341772
CHEMBL157138,LISURIDE,CCN(CC)C(=O)N[C@H]1C=C2c3cccc4[nH]cc(c34)C[C@H]2N(C)C1,338.46,2.84,2.0,2.0,51.37,DRD2,<rdkit.Chem.rdchem.Mol object at 0x000001D283EFBCA0>,338.45500000000015,1,1,2.84,2.841200000000001,<rdkit.DataStructs.cDataStructs.ExplicitBitVect object at 0x000001D288F77ED0>,0.14893617021276595
CHEMBL3643413,LENIOLISIB,CCC(=O)N1CC[C@H](Nc2ncnc3c2CN(c2cnc(OC)c(C(F)(F)F)c2)CC3)C1,450.47,2.88,7.0,1.0,83.48,DRD2,<rdkit.Chem.rdchem.Mol object at 0x000001D283A5CF20>,450.4650000000002,1,0,2.88,2.824599999999998,<rdkit.DataStructs.cDataStructs.ExplicitBitVect object at 0x000001D288F77F40>,0.11009174311926606
CHEMBL8946,ETICLOPRIDE,CCc1cc(Cl)c(OC)c(C(=O)NC[C@@H]2CCCN2CC)c1O,340.85,2.83,4.0,2.0,61.8,DRD2,<rdkit.Chem.rdchem.Mol object at 0x000001D283A5C740>,340.8510000000001,1,1,2.83,2.8169000000000004,<rdkit.DataStructs.cDataStructs.ExplicitBitVect object at 0x000001D288FC4040>,0.13043478260869565
CHEMBL5095235,EZM-0414,CC(=O)N1CCN([C@H]2CCC[C@@H](NC(=O)c3cc4c(F)ccc(C)c4[nH]3)C2)CC1,400.5,2.82,3.0,2.0,68.44,DRD2,<rdkit.Chem.rdchem.Mol object at 0x000001D283A5CC10>,400.4980000000002,1,0,2.82,2.8167999999999984,<rdkit.DataStructs.cDataStructs.ExplicitBitVect object at 0x000001D288FC40B0>,0.10101010101010101
CHEMBL469423,(-)-ASIMILOBINE,COc1c(O)cc2c3c1-c1ccccc1C[C@H]3NCC2,267.33,2.81,3.0,2.0,41.49,DRD2,<rdkit.Chem.rdchem.Mol object at 0x000001D283A5CE40>,267.32800000000003,1,1,2.81,2.8127000000000013,<rdkit.DataStructs.cDataStructs.ExplicitBitVect object at 0x000001D288FC4120>,0.12941176470588237
CHEMBL2018302,TUBASTATIN A,CN1CCc2c(c3ccccc3n2Cc2ccc(C(=O)NO)cc2)C1,335.41,2.8,4.0,2.0,57.5,HDAC1,<rdkit.Chem.rdchem.Mol object at 0x000001D283A5D5B0>,335.40700000000004,1,1,2.8,2.8002000000000034,<rdkit.DataStructs.cDataStructs.ExplicitBitVect object at 0x000001D288FC4190>,0.16091954022988506
CHEMBL487387,STEPHOLIDINE,COc1cc2c(cc1O)[C@@H]1Cc3ccc(O)c(OC)c3CN1CC2,327.38,2.77,5.0,2.0,62.16,DRD2,<rdkit.Chem.rdchem.Mol object at 0x000001D283A5C190>,327.38000000000017,1,1,2.77,2.782700000000003,<rdkit.DataStructs.cDataStructs.ExplicitBitVect object at 0x000001D288FC4200>,0.13953488372093023
CHEMBL493,BROMOCRIPTINE,CC(C)C[C@H]1C(=O)N2CCC[C@H]2[C@]2(O)O[C@](NC(=O)[C@@H]3C=C4c5cccc6[nH]c(Br)c(c56)C[C@H]4N(C)C3)(C(C)C)C(=O)N12,654.61,3.19,6.0,3.0,118.21,DRD2,<rdkit.Chem.rdchem.Mol object at 0x000001D283EFAB20>,654.6059999999999,0,2,0.0,2.7762999999999995,<rdkit.DataStructs.cDataStructs.ExplicitBitVect object at 0x000001D288FC4270>,0.13821138211382114
CHEMBL82663,SIBENADET,O=S(=O)(CCCOCCc1ccccc1)CCNCCc1ccc(O)c2nc(O)sc12,464.61,2.9,8.0,3.0,108.75,DRD2,<rdkit.Chem.rdchem.Mol object at 0x000001D283EFA960>,464.6090000000002,1,0,2.9,2.747,<rdkit.DataStructs.cDataStructs.ExplicitBitVect object at 0x000001D288FC42E0>,0.10101010101010101
CHEMBL15245,YOHIMBINE,COC(=O)[C@@H]1[C@H]2C[C@H]3c4[nH]c5ccccc5c4CCN3C[C@@H]2CC[C@@H]1O,354.45,2.65,4.0,2.0,65.56,DRD2,<rdkit.Chem.rdchem.Mol object at 0x000001D283EFBDF0>,354.4500000000001,1,0,2.65,2.5650000000000035,<rdkit.DataStructs.cDataStructs.ExplicitBitVect object at 0x000001D288FC4350>,0.1368421052631579
CHEMBL99,TRICHOSTATIN,CC(/C=C/C(=O)NO)=C\[C@@H](C)C(=O)c1ccc(N(C)C)cc1,302.37,2.58,4.0,2.0,69.64,HDAC1,<rdkit.Chem.rdchem.Mol object at 0x000001D283A5D4D0>,302.374,1,1,2.58,2.554800000000004,<rdkit.DataStructs.cDataStructs.ExplicitBitVect object at 0x000001D288FC43C0>,0.045454545454545456
CHEMBL27,PROPRANOLOL,CC(C)NCC(O)COc1cccc2ccccc12,259.35,2.58,3.0,2.0,41.49,DRD2,<rdkit.Chem.rdchem.Mol object at 0x000001D283A5C660>,259.34900000000005,1,1,2.58,2.547700000000005,<rdkit.DataStructs.cDataStructs.ExplicitBitVect object at 0x000001D288FC4430>,0.09876543209876543
CHEMBL22242,REMOXIPRIDE,CCN1CCC[C@H]1CNC(=O)c1c(OC)ccc(Br)c1OC,371.28,2.68,4.0,1.0,50.8,DRD2,<rdkit.Chem.rdchem.Mol object at 0x000001D283EF9FC0>,371.2750000000001,1,0,2.68,2.527100000000003,<rdkit.DataStructs.cDataStructs.ExplicitBitVect object at 0x000001D288FC44A0>,0.0967741935483871
CHEMBL45244,"PD-168,077",Cc1cccc(C(=O)NCN2CCN(c3ccccc3C#N)CC2)c1,334.42,2.38,4.0,1.0,59.37,DRD2,<rdkit.Chem.rdchem.Mol object at 0x000001D283EFA6C0>,334.4230000000001,1,1,2.38,2.3689999999999993,<rdkit.DataStructs.cDataStructs.ExplicitBitVect object at 0x000001D288FC4510>,0.21951219512195122
CHEMBL621,TRAZODONE,O=c1n(CCCN2CCN(c3cccc(Cl)c3)CC2)nc2ccccn12,371.87,2.36,6.0,0.0,45.78,DRD2,<rdkit.Chem.rdchem.Mol object at 0x000001D283A5CAC0>,371.8720000000001,1,0,2.36,2.358500000000004,<rdkit.DataStructs.cDataStructs.ExplicitBitVect object at 0x000001D288FC4580>,0.27848101265822783
CHEMBL1909065,MADURAMICIN ACID,CO[C@@H]1[C@@H](OC)[C@H](C)[C@@](O)(CC(=O)O)O[C@H]1[C@H](C)[C@H]1O[C@@]2(CC[C@@](C)([C@H]3CC[C@@](C)([C@@H]4O[C@@H]([C@H]5O[C@](C)(O)[C@H](C)C[C@@H]5C)C[C@@H]4O[C@@H]4C[C@H](OC)[C@@H](OC)[C@H](C)O4)O3)O2)C[C@H](O)[C@H]1C,917.14,4.32,16.0,4.0,208.75,DRD2,<rdkit.Chem.rdchem.Mol object at 0x000001D283EFBD10>,917.1400000000002,0,2,0.0,2.117500000000001,<rdkit.DataStructs.cDataStructs.ExplicitBitVect object at 0x000001D288FC45F0>,0.043478260869565216
CHEMBL49,BUSPIRONE,O=C1CC2(CCCC2)CC(=O)N1CCCCN1CCN(c2ncccn2)CC1,385.51,2.09,6.0,0.0,69.64,DRD2,<rdkit.Chem.rdchem.Mol object at 0x000001D283EFAAB0>,385.5120000000001,1,0,2.09,2.053300000000002,<rdkit.DataStructs.cDataStructs.ExplicitBitVect object at 0x000001D288FC4660>,0.2702702702702703
CHEMBL1201192,ARMODAFINIL,NC(=O)C[S@@+]([O-])C(c1ccccc1)c1ccccc1,273.36,2.01,2.0,1.0,66.15,DRD2,<rdkit.Chem.rdchem.Mol object at 0x000001D283A5C7B0>,273.357,1,1,2.01,1.9952999999999985,<rdkit.DataStructs.cDataStructs.ExplicitBitVect object at 0x000001D288FC46D0>,0.08
CHEMBL240773,QUINPIROLE,CCCN1CCC[C@@H]2Cc3[nH]ncc3C[C@H]21,219.33,2.0,2.0,1.0,31.92,DRD2,<rdkit.Chem.rdchem.Mol object at 0x000001D283A5C890>,219.332,1,1,2.0,1.9946000000000002,<rdkit.DataStructs.cDataStructs.ExplicitBitVect object at 0x000001D288FC4740>,0.13580246913580246
CHEMBL86,METOCLOPRAMIDE,CCN(CC)CCNC(=O)c1cc(Cl)c(N)cc1OC,299.8,2.0,4.0,2.0,67.59,DRD2,<rdkit.Chem.rdchem.Mol object at 0x000001D283EFBB50>,299.8020000000001,1,1,2.0,1.9835999999999996,<rdkit.DataStructs.cDataStructs.ExplicitBitVect object at 0x000001D288FC47B0>,0.10465116279069768
CHEMBL1065,METHYSERGIDE,CC[C@@H](CO)NC(=O)[C@@H]1C=C2c3cccc4c3c(cn4C)C[C@H]2N(C)C1,353.47,1.94,4.0,2.0,57.5,DRD2,<rdkit.Chem.rdchem.Mol object at 0x000001D283EFBA70>,353.4660000000001,1,0,1.94,1.9565999999999983,<rdkit.DataStructs.cDataStructs.ExplicitBitVect object at 0x000001D288FC4820>,0.12371134020618557
CHEMBL1201356,METHYLERGONOVINE,CC[C@@H](CO)NC(=O)[C@@H]1C=C2c3cccc4[nH]cc(c34)C[C@H]2N(C)C1,339.44,1.92,3.0,3.0,68.36,DRD2,<rdkit.Chem.rdchem.Mol object at 0x000001D283EFBD80>,339.4390000000002,1,1,1.92,1.9124999999999974,<rdkit.DataStructs.cDataStructs.ExplicitBitVect object at 0x000001D288FC4890>,0.14432989690721648
CHEMBL98,VORINOSTAT,O=C(CCCCCCC(=O)Nc1ccccc1)NO,264.32,2.47,3.0,3.0,78.43,HDAC1,<rdkit.Chem.rdchem.Mol object at 0x000001D283A5D460>,264.32500000000005,1,1,2.47,1.8806,<rdkit.DataStructs.cDataStructs.ExplicitBitVect object at 0x000001D288FC4900>,0.0945945945945946
CHEMBL1256786,FORMOTEROL,COc1ccc(CC(C)NCC(O)c2ccc(O)c(NC=O)c2)cc1,344.41,2.22,5.0,4.0,90.82,DRD2,<rdkit.Chem.rdchem.Mol object at 0x000001D283EFAA40>,344.41100000000006,1,0,2.22,1.7712,<rdkit.DataStructs.cDataStructs.ExplicitBitVect object at 0x000001D288FC4970>,0.10869565217391304
CHEMBL301265,PRAMIPEXOLE,CCCN[C@H]1CCc2nc(N)sc2C1,211.33,1.58,4.0,2.0,50.94,DRD2,<rdkit.Chem.rdchem.Mol object at 0x000001D283A5C200>,211.33399999999997,1,1,1.58,1.5965000000000007,<rdkit.DataStructs.cDataStructs.ExplicitBitVect object at 0x000001D288FC49E0>,0.07228915662650602
CHEMBL4594422,LB-102,CCN1CCCC1CNC(=O)c1cc(S(=O)(=O)CC)c(NC)cc1OC,383.51,1.74,6.0,2.0,87.74,DRD2,<rdkit.Chem.rdchem.Mol object at 0x000001D283A5D380>,383.5140000000002,1,0,1.74,1.5965000000000003,<rdkit.DataStructs.cDataStructs.ExplicitBitVect object at 0x000001D288FC4A50>,0.09278350515463918
CHEMBL119443,ERGONOVINE,C[C@@H](CO)NC(=O)[C@@H]1C=C2c3cccc4[nH]cc(c34)C[C@H]2N(C)C1,325.41,1.53,3.0,3.0,68.36,DRD2,<rdkit.Chem.rdchem.Mol object at 0x000001D283EFAFF0>,325.4120000000001,1,1,1.53,1.5708000000000004,<rdkit.DataStructs.cDataStructs.ExplicitBitVect object at 0x000001D288FC4AC0>,0.14736842105263157
CHEMBL319620,LAVENDUSTIN C,O=C(O)c1cc(NCc2cc(O)ccc2O)ccc1O,275.26,2.11,5.0,5.0,110.02,EGFR,<rdkit.Chem.rdchem.Mol object at 0x000001D283EF9850>,275.26000000000005,1,1,2.11,1.4917000000000007,<rdkit.DataStructs.cDataStructs.ExplicitBitVect object at 0x000001D288FC4B30>,0.07407407407407407
CHEMBL4650337,ULOTARONT,CNC[C@@H]1OCCc2ccsc21,183.28,1.58,3.0,1.0,21.26,DRD2,<rdkit.Chem.rdchem.Mol object at 0x000001D283A5CC80>,183.276,1,1,1.58,1.4880999999999998,<rdkit.DataStructs.cDataStructs.ExplicitBitVect object at 0x000001D288FC4BA0>,0.08860759493670886
CHEMBL39,SEROTONIN,NCCc1c[nH]c2ccc(O)cc12,176.22,1.37,2.0,3.0,62.04,DRD2,<rdkit.Chem.rdchem.Mol object at 0x000001D283EFA420>,176.21899999999997,1,1,1.37,1.3108000000000002,<rdkit.DataStructs.cDataStructs.ExplicitBitVect object at 0x000001D288FC4C10>,0.07792207792207792
CHEMBL84158,TIAPRIDE,CCN(CC)CCNC(=O)c1cc(S(C)(=O)=O)ccc1OC,328.43,1.17,5.0,1.0,75.71,DRD2,<rdkit.Chem.rdchem.Mol object at 0x000001D283EFBF40>,328.4340000000001,1,1,1.17,1.285500000000001,<rdkit.DataStructs.cDataStructs.ExplicitBitVect object at 0x000001D288FC4C80>,0.07865168539325842
CHEMBL4635134,GSK620,CNC(=O)c1cc(C(=O)NC2CC2)cn(Cc2ccccc2)c1=O,325.37,1.15,4.0,2.0,80.2,DRD2,<rdkit.Chem.rdchem.Mol object at 0x000001D283A5CCF0>,325.368,1,1,1.15,1.2229000000000012,<rdkit.DataStructs.cDataStructs.ExplicitBitVect object at 0x000001D288FC4CF0>,0.13793103448275862
CHEMBL243712,AMISULPRIDE,CCN1CCCC1CNC(=O)c1cc(S(=O)(=O)CC)c(N)cc1OC,369.49,1.29,6.0,2.0,101.73,DRD2,<rdkit.Chem.rdchem.Mol object at 0x000001D283A5C820>,369.4870000000002,1,0,1.29,1.1987000000000019,<rdkit.DataStructs.cDataStructs.ExplicitBitVect object at 0x000001D288FC4D60>,0.09375
CHEMBL1255837,DIHYDROERGOCRISTINE MESYLATE,CC(C)[C@@]1(NC(=O)[C@@H]2C[C@@H]3c4cccc5[nH]cc(c45)C[C@H]3N(C)C2)O[C@@]2(O)[C@@H]3CCCN3C(=O)[C@H](Cc3ccccc3)N2C1=O.CS(=O)(=O)O,707.85,2.72,6.0,3.0,118.21,DRD2,<rdkit.Chem.rdchem.Mol object at 0x000001D283EFB290>,707.8500000000005,0,2,0.0,0.9385999999999999,<rdkit.DataStructs.cDataStructs.ExplicitBitVect object at 0x000001D288FC4DD0>,0.144
CHEMBL47986,ERBSTATIN,O=CN/C=C/c1cc(O)ccc1O,179.18,0.81,3.0,3.0,69.56,EGFR,<rdkit.Chem.rdchem.Mol object at 0x000001D283EF97E0>,179.17499999999998,1,1,0.81,0.8728999999999999,<rdkit.DataStructs.cDataStructs.ExplicitBitVect object at 0x000001D288FC4E40>,0.06578947368421052
CHEMBL59,DOPAMINE,NCCc1ccc(O)c(O)c1,153.18,0.6,3.0,3.0,66.48,DRD2,<rdkit.Chem.rdchem.Mol object at 0x000001D283EFA490>,153.18099999999998,1,1,0.6,0.8438999999999998,<rdkit.DataStructs.cDataStructs.ExplicitBitVect object at 0x000001D288FC4EB0>,0.07142857142857142
CHEMBL1557,DOPAMINE HYDROCHLORIDE,Cl.NCCc1ccc(O)c(O)c1,189.64,0.6,3.0,3.0,66.48,DRD2,<rdkit.Chem.rdchem.Mol object at 0x000001D283A5C4A0>,189.642,1,1,0.6,0.8391999999999996,<rdkit.DataStructs.cDataStructs.ExplicitBitVect object at 0x000001D288FC4F20>,0.07042253521126761
CHEMBL704,MESALAMINE,Nc1ccc(O)c(C(=O)O)c1,153.14,0.67,3.0,3.0,83.55,EGFR,<rdkit.Chem.rdchem.Mol object at 0x000001D283EF9B60>,153.137,1,1,0.67,0.6569000000000011,<rdkit.DataStructs.cDataStructs.ExplicitBitVect object at 0x000001D288FC4F90>,0.07042253521126761
CHEMBL26,SULPIRIDE,CCN1CCCC1CNC(=O)c1cc(S(N)(=O)=O)ccc1OC,341.43,0.56,5.0,2.0,101.73,DRD2,<rdkit.Chem.rdchem.Mol object at 0x000001D283EFA8F0>,341.4330000000001,1,0,0.56,0.6164000000000008,<rdkit.DataStructs.cDataStructs.ExplicitBitVect object at 0x000001D288FC5000>,0.10638297872340426
CHEMBL267044,LEVOSULPIRIDE,CCN1CCC[C@H]1CNC(=O)c1cc(S(N)(=O)=O)ccc1OC,341.43,0.56,5.0,2.0,101.73,DRD2,<rdkit.Chem.rdchem.Mol object at 0x000001D283EFA340>,341.4330000000001,1,0,0.56,0.6164000000000008,<rdkit.DataStructs.cDataStructs.ExplicitBitVect object at 0x000001D288FC5070>,0.10638297872340426
CHEMBL1437,NOREPINEPHRINE,NC[C@H](O)c1ccc(O)c(O)c1,169.18,0.09,4.0,4.0,86.71,DRD2,<rdkit.Chem.rdchem.Mol object at 0x000001D283EFA500>,169.17999999999998,1,1,0.09,0.3252000000000001,<rdkit.DataStructs.cDataStructs.ExplicitBitVect object at 0x000001D288FC50E0>,0.06944444444444445
CHEMBL1403281,ERGOCRYPTINE,CC(C)C[C@H]1C(=O)N2CCC[C@H]2[C@]2(O)O[C@](NC(=O)[C@@H]3C=C4c5cccc6[nH]cc(c56)C[C@H]4N(C)C3)(C(C)C)C(=O)N12,575.71,2.43,6.0,3.0,118.21,DRD2,<rdkit.Chem.rdchem.Mol object at 0x000001D283EFAD50>,575.7100000000002,0,2,0.0,0.24549999999999997,<rdkit.DataStructs.cDataStructs.ExplicitBitVect object at 0x000001D288FC5150>,0.15966386554621848
CHEMBL1626,CLEMASTINE,CN1CCC[C@@H]1CCO[C@](C)(c1ccccc1)c1ccc(Cl)cc1,343.9,5.1,2.0,0.0,12.47,DRD2,<rdkit.Chem.rdchem.Mol object at 0x000001D283EFB1B0>,343.898,0,1,0.0,0.24040000000000003,<rdkit.DataStructs.cDataStructs.ExplicitBitVect object at 0x000001D288FC51C0>,0.1728395061728395
CHEMBL1732,DIHYDROERGOTAMINE,CN1C[C@H](C(=O)N[C@]2(C)O[C@@]3(O)[C@@H]4CCCN4C(=O)[C@H](Cc4ccccc4)N3C2=O)C[C@@H]2c3cccc4[nH]cc(c34)C[C@H]21,583.69,2.08,6.0,3.0,118.21,DRD2,<rdkit.Chem.rdchem.Mol object at 0x000001D283EFB3E0>,583.6890000000001,0,2,0.0,0.20919999999999997,<rdkit.DataStructs.cDataStructs.ExplicitBitVect object at 0x000001D288FC5230>,0.14285714285714285
CHEMBL1385840,ERGOCORNINE,CC(C)[C@H]1C(=O)N2CCC[C@H]2[C@]2(O)O[C@](NC(=O)[C@@H]3C=C4c5cccc6[nH]cc(c56)C[C@H]4N(C)C3)(C(C)C)C(=O)N12,561.68,2.04,6.0,3.0,118.21,DRD2,<rdkit.Chem.rdchem.Mol object at 0x000001D283EFAF10>,561.6830000000002,0,2,0.0,0.20499999999999996,<rdkit.DataStructs.cDataStructs.ExplicitBitVect object at 0x000001D288FC52A0>,0.15384615384615385
CHEMBL442,ERGOTAMINE,CN1C[C@H](C(=O)N[C@]2(C)O[C@@]3(O)[C@@H]4CCCN4C(=O)[C@H](Cc4ccccc4)N3C2=O)C=C2c3cccc4[nH]cc(c34)C[C@H]21,581.67,1.99,6.0,3.0,118.21,DRD2,<rdkit.Chem.rdchem.Mol object at 0x000001D283EFB0D0>,581.6730000000001,0,2,0.0,0.20489999999999997,<rdkit.DataStructs.cDataStructs.ExplicitBitVect object at 0x000001D288FC5310>,0.14049586776859505
CHEMBL43064,CINNARIZINE,C(=C/c1ccccc1)\CN1CCN(C(c2ccccc2)c2ccccc2)CC1,368.52,5.11,2.0,0.0,6.48,DRD2,<rdkit.Chem.rdchem.Mol object at 0x000001D283EFB4C0>,368.5240000000001,0,0,0.0,0.1934,<rdkit.DataStructs.cDataStructs.ExplicitBitVect object at 0x000001D288FC5380>,0.13157894736842105
CHEMBL2000089,TRAPOXIN B,O=C1N[C@@H](Cc2ccccc2)C(=O)N2CCC[C@@H]2C(=O)N[C@@H](CCCCCC(=O)[C@@H]2CO2)C(=O)N[C@H]1Cc1ccccc1,588.71,1.85,6.0,3.0,137.21,HDAC1,<rdkit.Chem.rdchem.Mol object at 0x000001D283A5D540>,588.7050000000004,0,2,0.0,0.13999999999999999,<rdkit.DataStructs.cDataStructs.ExplicitBitVect object at 0x000001D288FC53F0>,0.14583333333333334
CHEMBL1336,SORAFENIB,CNC(=O)c1cc(Oc2ccc(NC(=O)Nc3ccc(Cl)c(C(F)(F)F)c3)cc2)ccn1,464.83,5.55,4.0,3.0,92.35,EGFR,<rdkit.Chem.rdchem.Mol object at 0x000001D283EF9CB0>,464.83100000000013,0,0,0.0,0.021099999999999997,<rdkit.DataStructs.cDataStructs.ExplicitBitVect object at 0x000001D288FC5460>,0.12903225806451613
CHEMBL808,ECONAZOLE,Clc1ccc(COC(Cn2ccnc2)c2ccc(Cl)cc2Cl)cc1,381.69,5.8,3.0,0.0,27.05,DRD2,<rdkit.Chem.rdchem.Mol object at 0x000001D283EFAEA0>,381.69000000000005,0,0,0.0,0.0,<rdkit.DataStructs.cDataStructs.ExplicitBitVect object at 0x000001D288FC54D0>,0.11627906976744186
CHEMBL633,AMIODARONE,CCCCc1oc2ccccc2c1C(=O)c1cc(I)c(OCCN(CC)CC)c(I)c1,645.32,6.94,4.0,0.0,42.68,DRD2,<rdkit.Chem.rdchem.Mol object at 0x000001D283EFACE0>,645.3190000000002,0,2,0.0,0.0,<rdkit.DataStructs.cDataStructs.ExplicitBitVect object at 0x000001D288FC5540>,0.11458333333333333
CHEMBL296419,ASTEMIZOLE,COc1ccc(CCN2CCC(Nc3nc4ccccc4n3Cc3ccc(F)cc3)CC2)cc1,458.58,5.35,5.0,1.0,42.32,DRD2,<rdkit.Chem.rdchem.Mol object at 0x000001D283EFAC00>,458.58100000000024,0,0,0.0,0.0,<rdkit.DataStructs.cDataStructs.ExplicitBitVect object at 0x000001D288FC55B0>,0.15789473684210525
CHEMBL603,ZAFIRLUKAST,COc1cc(C(=O)NS(=O)(=O)c2ccccc2C)ccc1Cc1cn(C)c2ccc(NC(=O)OC3CCCC3)cc12,575.69,5.7,7.0,2.0,115.73,DRD2,<rdkit.Chem.rdchem.Mol object at 0x000001D283EFA180>,575.6870000000001,0,2,0.0,0.0,<rdkit.DataStructs.cDataStructs.ExplicitBitVect object at 0x000001D288FC5620>,0.09649122807017543
CHEMBL30008,FLUNARIZINE,Fc1ccc(C(c2ccc(F)cc2)N2CCN(C/C=C/c3ccccc3)CC2)cc1,404.5,5.39,2.0,0.0,6.48,DRD2,<rdkit.Chem.rdchem.Mol object at 0x000001D283EFAF80>,404.5040000000001,0,0,0.0,0.0,<rdkit.DataStructs.cDataStructs.ExplicitBitVect object at 0x000001D288FC5690>,0.12345679012345678
CHEMBL4639128,GSK778,COCc1nc2cnc3cc(-c4c(C)noc4C)c(OC[C@H]4CCNC4)cc3c2n1[C@H](C)c1ccccc1,511.63,5.6,8.0,1.0,87.23,DRD2,<rdkit.Chem.rdchem.Mol object at 0x000001D283A5CD60>,511.6260000000003,0,0,0.0,0.0,<rdkit.DataStructs.cDataStructs.ExplicitBitVect object at 0x000001D288FC5700>,0.09565217391304348
CHEMBL104,CLOTRIMAZOLE,Clc1ccccc1C(c1ccccc1)(c1ccccc1)n1ccnc1,344.85,5.38,2.0,0.0,17.82,DRD2,<rdkit.Chem.rdchem.Mol object at 0x000001D283EFB370>,344.845,0,1,0.0,0.0,<rdkit.DataStructs.cDataStructs.ExplicitBitVect object at 0x000001D288FC5770>,0.11688311688311688
CHEMBL14460,SB-243213,Cc1cc2c(cc1C(F)(F)F)N(C(=O)Nc1ccc(Oc3cccnc3C)nc1)CC2,428.41,5.5,4.0,1.0,67.35,DRD2,<rdkit.Chem.rdchem.Mol object at 0x000001D283EFA810>,428.4140000000002,0,0,0.0,0.0,<rdkit.DataStructs.cDataStructs.ExplicitBitVect object at 0x000001D288FC57E0>,0.15151515151515152
CHEMBL2110732,DACOMITINIB ANHYDROUS,COc1cc2ncnc(Nc3ccc(F)c(Cl)c3)c2cc1NC(=O)/C=C/CN1CCCCC1,469.95,5.16,6.0,2.0,79.38,EGFR,<rdkit.Chem.rdchem.Mol object at 0x000001D283EF9C40>,469.9480000000004,0,0,0.0,0.0,<rdkit.DataStructs.cDataStructs.ExplicitBitVect object at 0x000001D288FC5850>,0.14150943396226415
CHEMBL305660,EBASTINE,CC(C)(C)c1ccc(C(=O)CCCN2CCC(OC(c3ccccc3)c3ccccc3)CC2)cc1,469.67,7.22,3.0,0.0,29.54,DRD2,<rdkit.Chem.rdchem.Mol object at 0x000001D283EFA1F0>,469.6690000000001,0,0,0.0,0.0,<rdkit.DataStructs.cDataStructs.ExplicitBitVect object at 0x000001D288FC58C0>,0.1839080459770115
CHEMBL81,RALOXIFENE,O=C(c1ccc(OCCN2CCCCC2)cc1)c1c(-c2ccc(O)cc2)sc2cc(O)ccc12,473.59,6.08,6.0,2.0,70.0,DRD2,<rdkit.Chem.rdchem.Mol object at 0x000001D283A5C120>,473.5940000000001,0,0,0.0,0.0,<rdkit.DataStructs.cDataStructs.ExplicitBitVect object at 0x000001D288FC5930>,0.22093023255813954
CHEMBL508112,BENZOTHIAZYL DISULFIDE,c1ccc2sc(SSc3nc4ccccc4s3)nc2c1,332.5,5.71,6.0,0.0,25.78,DRD2,<rdkit.Chem.rdchem.Mol object at 0x000001D283EFAB90>,332.50000000000006,0,1,0.0,0.0,<rdkit.DataStructs.cDataStructs.ExplicitBitVect object at 0x000001D288FC59A0>,0.05555555555555555
CHEMBL91,MICONAZOLE,Clc1ccc(COC(Cn2ccnc2)c2ccc(Cl)cc2Cl)c(Cl)c1,416.13,6.45,3.0,0.0,27.05,DRD2,<rdkit.Chem.rdchem.Mol object at 0x000001D283EFBBC0>,416.1350000000001,0,0,0.0,0.0,<rdkit.DataStructs.cDataStructs.ExplicitBitVect object at 0x000001D288FC5A10>,0.11627906976744186
CHEMBL83,TAMOXIFEN,CC/C(=C(\c1ccccc1)c1ccc(OCCN(C)C)cc1)c1ccccc1,371.52,6.0,2.0,0.0,12.47,DRD2,<rdkit.Chem.rdchem.Mol object at 0x000001D283EFBED0>,371.524,0,0,0.0,0.0,<rdkit.DataStructs.cDataStructs.ExplicitBitVect object at 0x000001D288FC5A80>,0.14102564102564102
CHEMBL479,THIORIDAZINE,CSc1ccc2c(c1)N(CCC1CCCCN1C)c1ccccc1S2,370.59,5.89,4.0,0.0,6.48,DRD2,<rdkit.Chem.rdchem.Mol object at 0x000001D283EFBE60>,370.587,0,0,0.0,0.0,<rdkit.DataStructs.cDataStructs.ExplicitBitVect object at 0x000001D288FC5AF0>,0.1348314606741573
CHEMBL17157,TERFENADINE,CC(C)(C)c1ccc(C(O)CCCN2CCC(C(O)(c3ccccc3)c3ccccc3)CC2)cc1,471.69,6.45,3.0,2.0,43.7,DRD2,<rdkit.Chem.rdchem.Mol object at 0x000001D283A5C0B0>,471.6850000000001,0,0,0.0,0.0,<rdkit.DataStructs.cDataStructs.ExplicitBitVect object at 0x000001D288FC5B60>,0.16666666666666666
